{
  "min": [
    -0.09943957511974195,
    -0.25549278091650973,
    0.0,
    0.0,
    -1.0
  ],
  "scale": [
    0.09774852562640514,
    0.012554927809165096,
    0.043478260869565216,
    0.16666666666666666,
    1.0
  ],
  "n_features": 5
}